{
  "ret": true,
  "data": {
    "swiperList": [{
      "id": "0001",
      "imgUrl": "//imgs.qunarzz.com/vs_ceph_vcimg/b8c4527c41649814cc4cf86880abba54.jpeg"
    }, {
      "id": "0002",
      "imgUrl": "//imgs.qunarzz.com/vs_ceph_vcimg/f7813c9431796cc32ae7b7a78447342e.jpeg"
    }, {
      "id": "0003",
      "imgUrl": "//imgs.qunarzz.com/vs_ceph_vcimg/569cae4ae98e9793f7341e85eed73c54.jpeg"
    }, {
      "id": "0004",
      "imgUrl": "//imgs.qunarzz.com/vs_ceph_vcimg/f03f5ac90ae59d0d9c6332a2bfd9782e.jpeg"
    }],
    "oneIconList": [{
      "id": "0001",
      "imgUrl": "//s.qunarzz.com/homenode/images/touchheader/hotel.png",
      "desc": "酒店"
    }, {
      "id": "0002",
      "imgUrl": "//s.qunarzz.com/homenode/images/touchheader/flight.png",
      "desc": "机票"
    }, {
      "id": "0003",
      "imgUrl": "//s.qunarzz.com/homenode/images/touchheader/train.png",
      "desc": "火车票"
    }, {
      "id": "0004",
      "imgUrl": "//s.qunarzz.com/homenode/images/touchheader/package.png",
      "desc": "度假"
    }, {
      "id": "0005",
      "imgUrl": "//s.qunarzz.com/homenode/images/touchheader/piao.png",
      "desc": "景点门票"
    }],
    "twoIconList": [{
      "id": "0001",
      "imgUrl": "https://picbed.qunarzz.com/f5e5770393d759578962e53ee67798c8.png",
      "desc": "海外酒店"
    }, {
      "id": "0002",
      "imgUrl": "https://picbed.qunarzz.com/a36d2288f19e54562338f4d8ef986288.png",
      "desc": "低价机票"
    }, {
      "id": "0003",
      "imgUrl": "https://picbed.qunarzz.com/377db8cb2143aebf01869c9baad3d325.png",
      "desc": "汽车票船票"
    }, {
      "id": "0004",
      "imgUrl": "https://picbed.qunarzz.com/ae617a31e0bd5803d76918b817f6d942.png",
      "desc": "自由行"
    }, {
      "id": "0005",
      "imgUrl": "https://picbed.qunarzz.com/1316dc82d1ce6259686d5a68880e5a9d.png",
      "desc": "攻略"
    }],
    "iconList": [{
      "id": "0001",
      "imgUrl": "https://picbed.qunarzz.com/01d2f57f920666364197a850dab859a8.png",
      "desc": "民宿客栈"
    }, {
      "id": "0002",
      "imgUrl": "https://picbed.qunarzz.com/83af731055e121a3251690b225327b56.png",
      "desc": "专车自驾"
    }, {
      "id": "0003",
      "imgUrl": "https://picbed.qunarzz.com/1e107321f5396ea4994cd832232ecf8a.png",
      "desc": "旅游团购"
    }, {
      "id": "0004",
      "imgUrl": "https://picbed.qunarzz.com/c65b3bb7571a6bd62df669213e44b84d.png",
      "desc": "一日游"
    }, {
      "id": "0005",
      "imgUrl": "https://picbed.qunarzz.com/f6bb08a239ce1b038204120a8d1e4669.png",
      "desc": "特惠酒店"
    }, {
      "id": "0006",
      "imgUrl": "https://img1.qunarzz.com/order/comp/2007/23/734c3c62d2adce02.png",
      "desc": "行程设计"
    }, {
      "id": "0007",
      "imgUrl": "https://picbed.qunarzz.com/25e3b9f17a21a6e0113c57a23ffccde4.png",
      "desc": "周边短途"
    }, {
      "id": "0008",
      "imgUrl": "https://picbed.qunarzz.com/3a08f360e958ccb2b947049387873ace.png",
      "desc": "借钱"
    }, {
      "id": "0009",
      "imgUrl": "https://picbed.qunarzz.com/5b6737be49ca243072ca614f07803b83.png",
      "desc": "赚钱-信用卡"
    }, {
      "id": "0010",
      "imgUrl": "https://picbed.qunarzz.com/19b4f6d2fabd617789fa5aad65b249da.png",
      "desc": "白金卡"
    }],
    "recommendList": [{
      "id": "0001",
      "imgUrl": "//img1.qunarzz.com/sight/p0/1605/58/5847560fd55ff6f590.water.jpg_256x160_13631f57.jpg",
      "title": "凤凰古城",
      "desc": "邂逅数个人，偶遇一座城"
    }, {
      "id": "0002",
      "imgUrl": "//img1.qunarzz.com/sight/p0/2011/1b/1b5e5d4a4003bbc3a3.img.jpg_256x160_2448993c.jpg",
      "title": "张家界国家森林公园",
      "desc": "三千奇峰，八百秀水"
    }, {
      "id": "0003",
      "imgUrl": "//img1.qunarzz.com/sight/p0/1905/29/296e5659470d69bea3.img.jpg_256x160_0f20728d.jpg",
      "title": "长沙世界之窗",
      "desc": "将刺激的游乐项目和各国的历史遗迹融为一体"
    }, {
      "id": "0004",
      "imgUrl": "//img1.qunarzz.com/sight/p0/1901/1a/1a23a281559b846a3.img.jpg_256x160_235f4cf6.jpg",
      "title": "华谊兄弟（长沙）电影小城",
      "desc": "将自己置身于电影世界之中"
    }],
    "weekendList": [{
      "id": "0001",
      "imgUrl": "//img1.qunarzz.com/sight/p0/1605/58/5847560fd55ff6f590.water.jpg_256x160_13631f57.jpg",
      "title": "凤凰古城",
      "desc": "邂逅数个人，偶遇一座城"
    }, {
      "id": "0002",
      "imgUrl": "//img1.qunarzz.com/sight/p0/2011/1b/1b5e5d4a4003bbc3a3.img.jpg_256x160_2448993c.jpg",
      "title": "张家界国家森林公园",
      "desc": "三千奇峰，八百秀水"
    }, {
      "id": "0003",
      "imgUrl": "//img1.qunarzz.com/sight/p0/1905/29/296e5659470d69bea3.img.jpg_256x160_0f20728d.jpg",
      "title": "长沙世界之窗",
      "desc": "将刺激的游乐项目和各国的历史遗迹融为一体"
    }, {
      "id": "0004",
      "imgUrl": "//img1.qunarzz.com/sight/p0/1901/1a/1a23a281559b846a3.img.jpg_256x160_235f4cf6.jpg",
      "title": "华谊兄弟（长沙）电影小城",
      "desc": "将自己置身于电影世界之中"
    }]
  }
}
